objectid,cdmid,title,governor,year,date,format
cdm104723,104723,Executive Order 55-1 ,Williams,1955,1955-01-07,application/pdf
cdm104724,104724,Executive Order 55-2,Williams,1955,1955-05-24,application/pdf
cdm104726,104726,Executive Order 1956-7 ,Williams,1955,1956-10-09,application/pdf
cdm104727,104727,Executive Order 1956-8,Williams,1955,1956-10-25,application/pdf
cdm104728,104728,Executive Order 1956-9 ,Williams,1955,1956-10-25,application/pdf
cdm104729,104729,Executive Order 1956-10,Williams,1955,1956-12-05,application/pdf
cdm104731,104731,Executive Order 1957-1,Williams,1955,1957-01-07,application/pdf
cdm104732,104732,Executive Order 1957-2,Williams,1955,1957-05-21,application/pdf
cdm104734,104734,Executive Order 1964-2,Romney,1964,1964-05-28,application/pdf
cdm104735,104735,Executive Order 1964-2A,Romney,1964,1964-05-28,application/pdf
cdm104736,104736,Executive Order 1964-2 (amended),Romney,1964,1964-05-28,application/pdf
cdm104737,104737,Executive Order 1964-3,Romney,1964,1964-06-02,application/pdf
cdm104738,104738,Executive Order 1964-4,Romney,1964,1964-08-26,application/pdf
cdm104739,104739,Executive Order 1964-4a,Romney,1964,1964,application/pdf
cdm104740,104740,Executive Order 1964-4b,Romney,1964,1964-11-13,application/pdf
cdm104742,104742,Executive Order 1965-1,Romney,1965,1965-01-16,application/pdf
cdm104743,104743,Executive Order 1965-2,Romney,1965,1965-03-16,application/pdf
cdm104744,104744,Executive Order 1965-3,Romney,1965,1965-05-03,application/pdf
cdm104745,104745,Executive Order 1965-4,Romney,1965,1965-05-03,application/pdf
cdm104746,104746,Executive Order 1965-5,Romney,1965,1965-04-21,application/pdf
cdm104747,104747,Executive Order 1965-6,Romney,1965,1965-05-20,application/pdf
cdm104748,104748,Executive Order 1965-7,Romney,1965,1965-08-11,application/pdf
cdm104749,104749,Executive Order 1965-8,Romney,1965,1965-10-25,application/pdf
cdm104750,104750,Executive Order 1965-9,Romney,1965,1965-10-26,application/pdf
cdm104751,104751,Executive Order 1965-10,Romney,1965,1965-10-27,application/pdf
cdm104752,104752,Executive Order 1965-11,Romney,1965,1965-10-28,application/pdf
cdm104753,104753,Executive Order 1965-12,Romney,1965,1965-10-29,application/pdf
cdm104754,104754,Executive Order 1965-13,Romney,1965,1965-11-01,application/pdf
cdm104755,104755,Executive Order 1965-13A,Romney,1966,1966-04-18,application/pdf
cdm104756,104756,Executive Order 1965-14,Romney,1965,1965-11-02,application/pdf
cdm104757,104757,Executive Order 1965-15,Romney,1965,1965-11-03,application/pdf
cdm104758,104758,Executive Order 1965-16,Romney,1965,1965-11-04,application/pdf
cdm104759,104759,Executive Order 1965-17,Romney,1965,1965-11-05,application/pdf
cdm104760,104760,Executive Order 1965-18,Romney,1965,1965-11-15,application/pdf
cdm104761,104761,Executive Order 1965-18-A,Romney,1965,1965-12-11,application/pdf
cdm104762,104762,Executive Order 1965-19,Romney,1965,1965-11-22,application/pdf
cdm104763,104763,Executive Order 1965-20,Romney,1965,1965-11-26,application/pdf
cdm104764,104764,Executive Order 1965-21,Romney,1965,1965-12-03,application/pdf
cdm104765,104765,Executive Order 1965-22,Romney,1965,1965-12-08,application/pdf
cdm104766,104766,Executive Order 1965-22-A,Romney,1965,1965-12-13,application/pdf
cdm104767,104767,Executive Order 1965-23,Romney,1965,1965-12-17,application/pdf
cdm104768,104768,Executive Order 1965-23-A,Romney,1966,1966-01-28,application/pdf
cdm104769,104769,Executive Order 1965-24,Romney,1965,1965-12-22,application/pdf
cdm104770,104770,Executive Order 1965-25,Romney,1966,1966-01-04,application/pdf
cdm104771,104771,Executive Order 1965-26,Romney,1966,1966-01-03,application/pdf
cdm104772,104772,Executive Order 1965-27,Romney,1965,1965-12-03,application/pdf
cdm104773,104773,Executive Order 1965-28,Romney,1965,1965-12-03,application/pdf
cdm104774,104774,Executive Order 1965-29,Romney,1965,1965-12-09,application/pdf
cdm104775,104775,Executive Order 1965-30,Romney,1966,1966-01-03,application/pdf
cdm104777,104777,Executive Order 1966-1,Romney,1966,1966-04-28,application/pdf
cdm104778,104778,Executive Order 1966-2,Romney,1966,1966-05-09,application/pdf
cdm104779,104779,Executive Order 1966-3,Romney,1966,1966-05-13,application/pdf
cdm104780,104780,Executive Order 1966-4,Romney,1966,1966-05-09,application/pdf
cdm104781,104781,Executive Order 1966-5,Romney,1966,1966-09-22,application/pdf
cdm104782,104782,Executive Order 1966-6,Romney,1966,1966-06-22,application/pdf
cdm104783,104783,Executive Order 1966-7,Romney,1966,1966-07-14,application/pdf
cdm104784,104784,Executive Order 1966-8,Romney,1966,1966-09-21,application/pdf
cdm104785,104785,Executive Order 1966-8a,Romney,1966,1966-12-05,application/pdf
cdm104786,104786,Executive Order 1966-9,Romney,1966,1966-07-27,application/pdf
cdm104787,104787,Executive Order 1966-10,Romney,1966,1966-08-08,application/pdf
cdm104788,104788,Executive Order 1966-11,Romney,1966,1966-08-08,application/pdf
cdm104789,104789,Executive Order 1966-12,Romney,1966,1966,application/pdf
cdm104790,104790,Executive Order 1966-13,Romney,1966,1966-10-04,application/pdf
cdm104791,104791,Executive Order 1966-14,Romney,1966,1966,application/pdf
cdm104792,104792,Executive Order 1966-14a,Romney,1966,1966-12-14,application/pdf
cdm104794,104794,Executive Order 1967-1,Romney,1967,1967-01-27,application/pdf
cdm104795,104795,Executive Order 1967-2,Romney,1967,1967-05-31,application/pdf
cdm104796,104796,Executive Order 1967-3,Romney,1967,1967-05-31,application/pdf
cdm104797,104797,Executive Order 1967-3 (amended),Romney,1967,1967-06-24,application/pdf
cdm104798,104798,Executive Order 1967-3 (amended),Romney,1967,1967-07-25,application/pdf
cdm104799,104799,Executive Order 1967-3 (amended),Romney,1967,1967-07-26,application/pdf
cdm104800,104800,Executive Order 1967-3 (amended),Romney,1967,1967-07-27,application/pdf
cdm104801,104801,Executive Order 1967-3 (amended),Romney,1967,1967-07-27,application/pdf
cdm104802,104802,Executive Order 1967-3 (amended),Romney,1967,1967-07-29,application/pdf
cdm104803,104803,Executive Order 1967-3 (amended),Romney,1967,1967-07-31,application/pdf
cdm104804,104804,Executive Order 1967-3 (amended),Romney,1967,1967-08-1,application/pdf
cdm104805,104805,Executive Order 1967-4,Romney,1967,1967-07-25,application/pdf
cdm104806,104806,Executive Order 1967-5,Romney,1967,1967-07-25,application/pdf
cdm104807,104807,Executive Order 1967-5 (amended),Romney,1967,1967-07-26,application/pdf
cdm104808,104808,Executive Order 1967-5 (amended),Romney,1967,1967-07-27,application/pdf
cdm104809,104809,Executive Order 1967-5 (amended),Romney,1967,1967-07-28,application/pdf
cdm104810,104810,Executive Order 1967-6,Romney,1967,1967-07-23,application/pdf
cdm104811,104811,Executive Order 1967-7,Romney,1967,1967-08-22,application/pdf
cdm104812,104812,Executive Order 1967-7 (amended),Romney,1968,1968-10-23,application/pdf
cdm104814,104814,Executive Order 1968-1,Romney,1968,1968-04-05,application/pdf
cdm104815,104815,Executive Order 1968-1 (amended),Romney,1968,1968-04-05,application/pdf
cdm104816,104816,Executive Order 1968-1 (amended),Romney,1968,1968-04-10,application/pdf
cdm104817,104817,Executive Order 1968-2,Romney,1968,1968-04-05,application/pdf
cdm104818,104818,Executive Order 1968-2 (amended),Romney,1968,1968-04-10,application/pdf
cdm104819,104819,Executive Order 1968-3,Romney,1968,1968-04-05,application/pdf
cdm104820,104820,Executive Order 1968-3 (amended),Romney,1968,1968-04-10,application/pdf
cdm104821,104821,Executive Order 1968-4,Romney,1968,1968-04-05,application/pdf
cdm104822,104822,Executive Order 1968-5,Romney,1968,1968-04-11,application/pdf
cdm104823,104823,Executive Order 1968-6,Romney,1968,1968-04-22,application/pdf
cdm104824,104824,Executive Order 1968-7,Romney,1968,1968-04-22,application/pdf
cdm104825,104825,Executive Order 1968-8,Romney,1968,1968-07-27,application/pdf
cdm104826,104826,Executive Order 1968-9,Romney,1968,1968-07-27,application/pdf
cdm104827,104827,Executive Order 1968-10,Romney,1968,1968-10-28,application/pdf
cdm104828,104828,Executive Order 1968-11,Romney,1968,1968-11-27,application/pdf
cdm104830,104830,Executive Order 1969-1,Milliken,1969,1969-04-10,application/pdf
cdm104831,104831,Executive Order 1969-2,Milliken,1969,1969-04-15,application/pdf
cdm104832,104832,Executive Order 1969-3,Milliken,1969,1969-04-18,application/pdf
cdm104833,104833,Executive Order 1969-3a,Milliken,1969,1969-07-01,application/pdf
cdm104834,104834,Executive Order 1969-4,Milliken,1969,1969-04-21,application/pdf
cdm104835,104835,Executive Order 1969-5,Milliken,1969,1969-05-09,application/pdf
cdm104836,104836,Executive Order 1969-6,Milliken,1969,1969-07-17,application/pdf
cdm104837,104837,Executive Order 1969-7,Milliken,1969,1969-09-18,application/pdf
cdm104838,104838,Executive Order 1969-8,Milliken,1969,1969-09-30,application/pdf
cdm104839,104839,Executive Order 1969-9,Milliken,1969,1969-12-17,application/pdf
cdm104841,104841,Executive Order 1970-1,Milliken,1970,1970-01-15,application/pdf
cdm104842,104842,Executive Order 1970-2,Milliken,1970,1970-01-21,application/pdf
cdm104843,104843,Executive Order 1970-3,Milliken,1970,1970-02-09,application/pdf
cdm104844,104844,Executive Order 1970-4,Milliken,1970,1970-03-11,application/pdf
cdm104845,104845,Executive Order 1970-5,Milliken,1970,1970-03-26,application/pdf
cdm104846,104846,Executive Order 1970-6,Milliken,1970,1970-04-14,application/pdf
cdm104847,104847,Executive Order 1970-7,Milliken,1970,1970-04-29,application/pdf
cdm104848,104848,Executive Order 1970-8,Milliken,1970,1970-05-04,application/pdf
cdm104849,104849,Executive Order 1970-9,Milliken,1970,1970-05-13,application/pdf
cdm104850,104850,Executive Order 1970-9 (amended),Milliken,1970,1970-05-13,application/pdf
cdm104851,104851,Executive Order 1970-10,Milliken,1970,1970-05-15,application/pdf
cdm104852,104852,Executive Order 1970-11,Milliken,1970,1970-05-20,application/pdf
cdm104853,104853,Executive Order 1970-12,Milliken,1970,1970-06-04,application/pdf
cdm104854,104854,Executive Order 1970-13,Milliken,1970,1970-06-16,application/pdf
cdm104855,104855,Executive Order 1970-14,Milliken,1970,1970-08-19,application/pdf
cdm104856,104856,Executive Order 1970-15,Milliken,1970,1970-10-09,application/pdf
cdm104857,104857,Executive Order 1970-16,Milliken,1970,1970-10-16,application/pdf
cdm104858,104858,Executive Order 1970-17,Milliken,1970,1970-11-17,application/pdf
cdm104859,104859,Executive Order 1970-18,Milliken,1970,1970-12-24,application/pdf
cdm104861,104861,Executive Order 1971-1,Milliken,1971,1971-01-22,application/pdf
cdm104862,104862,Executive Order 1971-2,Milliken,1971,1971-01-22,application/pdf
cdm104863,104863,Executive Order 1971-3,Milliken,1971,1971-02-18,application/pdf
cdm104864,104864,Executive Order 1971-4,Milliken,1971,1971-04-06,application/pdf
cdm104865,104865,Executive Order 1971-5,Milliken,1971,1971-04-26,application/pdf
cdm104866,104866,Executive Order 1971-6,Milliken,1971,1971-06-01,application/pdf
cdm104867,104867,Executive Order 1971-7,Milliken,1971,1971-06-17,application/pdf
cdm104868,104868,Executive Order 1971-8,Milliken,1971,1971-09-30,application/pdf
cdm104869,104869,Executive Order 1971-9,Milliken,1971,1971-11-05,application/pdf
cdm104870,104870,Executive Order 1971-10,Milliken,1971,1971-12-20,application/pdf
cdm104871,104871,Executive Order 1971-11,Milliken,1971,1971-12-27,application/pdf
cdm104872,104872,Executive Order 1971-1,Milliken,1971,1971-02-16,application/pdf
cdm104874,104874,Executive Order 1972-1,Milliken,1972,1972-01-11,application/pdf
cdm104875,104875,Executive Order 1972-2,Milliken,1972,1972-01-26,application/pdf
cdm104876,104876,Executive Order 1972-3,Milliken,1972,1972-02-29,application/pdf
cdm104877,104877,Executive Order 1972-4,Milliken,1972,1972-03-09,application/pdf
cdm104878,104878,Executive Order 1972-5,Milliken,1972,1972-03-30,application/pdf
cdm104879,104879,Executive Order 1972-6,Milliken,1972,1972-04-06,application/pdf
cdm104880,104880,Executive Order 1972-7,Milliken,1972,1972-04-17,application/pdf
cdm104881,104881,Executive Order 1972-8,Milliken,1972,1972-04-17,application/pdf
cdm104882,104882,Executive Order 1972-9,Milliken,1972,1972-06-20,application/pdf
cdm104883,104883,Executive Order 1972-10,Milliken,1972,1972-11-14,application/pdf
cdm104884,104884,Executive Order 1972-11,Milliken,1972,1972-11-14,application/pdf
cdm104885,104885,Executive Order 1972-12,Milliken,1972,1972-11-21,application/pdf
cdm104887,104887,Executive Order 1973-1,Milliken,1973,1973-01-11,application/pdf
cdm104888,104888,Executive Order 1973-1a,Milliken,1973,1973-03-13,application/pdf
cdm104889,104889,Executive Order 1973-2,Milliken,1973,1973-01-11,application/pdf
cdm104890,104890,Executive Order 1973-2a,Milliken,1973,1973-03-13,application/pdf
cdm104891,104891,Executive Order 1973-3,Milliken,1973,1973-01-23,application/pdf
cdm104892,104892,Executive Order 1973-4,Milliken,1973,1973-01-25,application/pdf
cdm104893,104893,Executive Order 1973-4(a),Milliken,1973,1973-04-23,application/pdf
cdm104894,104894,Executive Order 1973-5,Milliken,1973,1973-03-23,application/pdf
cdm104895,104895,Executive Order 1973-6,Milliken,1973,1973-04-25,application/pdf
cdm104896,104896,Executive Order 1973-7,Milliken,1973,1973-05-23,application/pdf
cdm104897,104897,Executive Order 1973-8,Milliken,1973,1973-06-11,application/pdf
cdm104898,104898,Executive Order 1973-9,Milliken,1973,1973-07-26,application/pdf
cdm104899,104899,Executive Order 1973-10,Milliken,1973,1973-10-10,application/pdf
cdm104900,104900,Executive Order 1973-11,Milliken,1973,1973-10-24,application/pdf
cdm104901,104901,Executive Order 1973-12,Milliken,1973,1973-10-25,application/pdf
cdm104902,104902,Executive Order 1973-13,Milliken,1973,1973-11-29,application/pdf
cdm104903,104903,Executive Order 1973-14,Milliken,1973,1973-11-29,application/pdf
cdm104905,104905,Executive Order 1974-1,Milliken,1974,1974-01-03,application/pdf
cdm104906,104906,Executive Order 1974-2,Milliken,1974,1974-01-10,application/pdf
cdm104907,104907,Executive Order 1974-3,Milliken,1974,1974-03-13,application/pdf
cdm104908,104908,Executive Order 1974-4,Milliken,1974,1974-05-03,application/pdf
cdm104909,104909,Executive Order 1974-5,Milliken,1974,1974-05-08,application/pdf
cdm104910,104910,Executive Order 1974-6,Milliken,1974,1974-06-18,application/pdf
cdm104911,104911,Executive Order 1974-6(a),Milliken,1974,1974-10-10,application/pdf
cdm104912,104912,Executive Order 1974-7,Milliken,1974,1974-07-08,application/pdf
cdm104913,104913,Executive Order 1974-8,Milliken,1974,1974-09-24,application/pdf
cdm104914,104914,Executive Order 1974-9,Milliken,1974,1974-12-01,application/pdf
cdm104915,104915,Executive Order 1974-10,Milliken,1974,1974-12-04,application/pdf
cdm104916,104916,Executive Order 1974-11,Milliken,1974,1974-12-16,application/pdf
cdm104918,104918,Executive Order 1975-1,Milliken,1975,1975-01-23,application/pdf
cdm104919,104919,Executive Order 1975-2,Milliken,1975,1975-03-04,application/pdf
cdm104920,104920,Executive Order 1975-3,Milliken,1975,1975-03-25,application/pdf
cdm104921,104921,Executive Order 1975-4,Milliken,1975,1975-04-04,application/pdf
cdm104922,104922,Executive Order 1975-4a,Milliken,1975,1975-06-16,application/pdf
cdm104923,104923,Executive Order 1975-4a (amended),Milliken,1975,1975-10-01,application/pdf
cdm104924,104924,Executive Order 1975-5,Milliken,1975,1975-04-03,application/pdf
cdm104925,104925,Executive Order 1975-6,Milliken,1975,1975-04-19,application/pdf
cdm104926,104926,Executive Order 1975-7,Milliken,1975,1975-06-05,application/pdf
cdm104927,104927,Executive Order 1975-8,Milliken,1975,1975-07-07,application/pdf
cdm104928,104928,Executive Order 1975-9,Milliken,1975,1975-09-05,application/pdf
cdm104929,104929,Executive Order 1975-10,Milliken,1975,1975-10-13,application/pdf
cdm104930,104930,Executive Order 1975-11,Milliken,1975,1975-10-29,application/pdf
cdm104931,104931,Executive Order 1975-12,Milliken,1975,1975-12-09,application/pdf
cdm104932,104932,Executive Order 1975-13,Milliken,1975,1975-12-09,application/pdf
cdm104934,104934,Executive Order 1976-1,Milliken,1976,1976-03-03,application/pdf
cdm104935,104935,Executive Order 1976-2,Milliken,1976,1976-03-24,application/pdf
cdm104936,104936,Executive Order 1976-3,Milliken,1976,1976,application/pdf
cdm104937,104937,Executive Order 1976-4,Milliken,1976,1976-04-25,application/pdf
cdm104938,104938,Executive Order 1976-6,Milliken,1976,1976-05-07,application/pdf
cdm104939,104939,Executive Order 1976-7,Milliken,1976,1976-05-24,application/pdf
cdm104940,104940,Executive Order 1976-7a,Milliken,1976,1976-11-2,application/pdf
cdm104941,104941,Executive Order 1976-8,Milliken,1976,1976-06-30,application/pdf
cdm104942,104942,Executive Order 1976-8a,Milliken,1976,1976-08-25,application/pdf
cdm104943,104943,Executive Order 1976-9,Milliken,1976,1976-07-01,application/pdf
cdm104944,104944,Executive Order 1976-10,Milliken,1976,1976-08-25,application/pdf
cdm104945,104945,Executive Order 1976-11,Milliken,1976,1976-11-02,application/pdf
cdm104947,104947,Executive Order 1977-1,Milliken,1977,1977-01-12,application/pdf
cdm104948,104948,Executive Order 1977-2,Milliken,1977,1977-01-28,application/pdf
cdm104949,104949,Executive Order 1977-3,Milliken,1977,1977-02-17,application/pdf
cdm104950,104950,Executive Order 1977-4,Milliken,1977,1977-05-13,application/pdf
cdm104951,104951,Executive Order 1977-5,Milliken,1977,1977-06-08,application/pdf
cdm104952,104952,Executive Order 1977-6,Milliken,1977,1977-06-14,application/pdf
cdm104953,104953,Executive Order 1977-7,Milliken,1977,1977-06-29,application/pdf
cdm104954,104954,Executive Order 1977-8,Milliken,1977,1977-09-01,application/pdf
cdm104955,104955,Executive Order 1977-9,Milliken,1977,1977-12-10,application/pdf
cdm104957,104957,Executive Order 1978-1,Milliken,1978,1978-01-14,application/pdf
cdm104958,104958,Executive Order 1978-2,Milliken,1978,1978-01-26,application/pdf
cdm104959,104959,Executive Order 1978-3,Milliken,1978,1978-03-15,application/pdf
cdm104960,104960,Executive Order 1978-4,Milliken,1978,1978-03-15,application/pdf
cdm104961,104961,Executive Order 1978-5,Milliken,1978,1978-03-15,application/pdf
cdm104962,104962,Executive Order 1978-6,Milliken,1978,1978-11-21,application/pdf
cdm104964,104964,Executive Order 1979-1,Milliken,1979,1979-02-06,application/pdf
cdm104965,104965,Executive Order 1979-1a,Milliken,1979,1979-02-23,application/pdf
cdm104966,104966,Executive Order 1979-2,Milliken,1979,1979-02-13,application/pdf
cdm104967,104967,Executive Order 1979-3,Milliken,1979,1979-04-06,application/pdf
cdm104968,104968,Executive Order 1979-4,Milliken,1979,1979-09-11,application/pdf
cdm104969,104969,Executive Order 1979-5,Milliken,1979,1979-09-20,application/pdf
cdm104971,104971,Executive Order 1980-1,Milliken,1980,1980-05-08,application/pdf
cdm104972,104972,Executive Order 1980-1a,Milliken,1980,1980-10-23,application/pdf
cdm104973,104973,Executive Order 1980-2,Milliken,1980,1980-05-15,application/pdf
cdm104974,104974,Executive Order 1980-3,Milliken,1980,1980-05-28,application/pdf
cdm104975,104975,Executive Order 1980-4,Milliken,1980,1980-08-12,application/pdf
cdm104976,104976,Executive Order 1980-5,Milliken,1980,1980-08-20,application/pdf
cdm104978,104978,Executive Order 1981-1,Milliken,1981,1981-01-15,application/pdf
cdm104979,104979,Executive Order 1981-2,Milliken,1981,1981-04-13,application/pdf
cdm104980,104980,Executive Order 1981-3,Milliken,1981,1981-05-06,application/pdf
cdm104981,104981,Executive Order 1981-4,Milliken,1981,1981-05-20,application/pdf
cdm104982,104982,Executive Order 1981-5,Milliken,1981,1981-06-05,application/pdf
cdm104983,104983,Executive Order 1981-6,Milliken,1981,1981-08-24,application/pdf
cdm104984,104984,Executive Order 1981-7,Milliken,1981,1981-09-16,application/pdf
cdm104985,104985,Executive Order 1981-8,Milliken,1981,1981-09-30,application/pdf
cdm104986,104986,Executive Order 1981-9,Milliken,1981,1981-10-22,application/pdf
cdm104988,104988,Executive Order 1982-1,Milliken,1982,1982-01-23,application/pdf
cdm104989,104989,Executive Order 1982-2,Milliken,1982,1982-01-23,application/pdf
cdm104990,104990,Executive Order 1982-3,Milliken,1982,1982-03-17,application/pdf
cdm104991,104991,Executive Order 1982-4,Milliken,1982,1982-04-07,application/pdf
cdm104992,104992,Executive Order 1982-5,Milliken,1982,1982-05-19,application/pdf
cdm104993,104993,Executive Order 1982-6,Milliken,1982,1982-05-20,application/pdf
cdm104994,104994,Executive Order 1982-7,Milliken,1982,1982-06-07,application/pdf
cdm104995,104995,Executive Order 1982-8,Milliken,1982,1982-06-15,application/pdf
cdm104996,104996,Executive Order 1982-9,Milliken,1982,1982-08-20,application/pdf
cdm104997,104997,Executive Order 1982-10,Milliken,1982,1982-08-23,application/pdf
cdm104998,104998,Executive Order 1982-11,Milliken,1982,1982-09-01,application/pdf
cdm104999,104999,Executive Order 1982-12,Milliken,1982,1982-09-09,application/pdf
cdm105000,105000,Executive Order 1982-13,Milliken,1982,1982-09-15,application/pdf
cdm105001,105001,Executive Order 1982-14,Milliken,1982,1982-10-15,application/pdf
cdm105002,105002,Executive Order 1982-15,Milliken,1982,1982-12-22,application/pdf
cdm105003,105003,Executive Order 1982-16,Milliken,1982,1982-12-29,application/pdf
cdm105004,105004,Executive Order 1982-17,Milliken,1982,1982-12-29,application/pdf
cdm105005,105005,Executive Order 1982-18,Milliken,1982,1982-12-29,application/pdf
cdm105007,105007,Executive Order 1983-1,Blanchard,1983,1983-01-17,application/pdf
cdm105008,105008,Executive Order 1983-2,Blanchard,1983,1983-03-16,application/pdf
cdm105009,105009,Executive Order 1983-3,Blanchard,1983,1983-03-17,application/pdf
cdm105010,105010,Executive Order 1983-4,Blanchard,1983,1983-03-30,application/pdf
cdm105011,105011,Executive Order 1983-5,Blanchard,1983,1983-03-30,application/pdf
cdm105012,105012,Executive Order 1983-6,Blanchard,1983,1983-05-03,application/pdf
cdm105013,105013,Executive Order 1983-7,Blanchard,1983,1983-05-10,application/pdf
cdm105014,105014,Executive Order 1983-8,Blanchard,1983,1983-05-12,application/pdf
cdm105015,105015,Executive Order 1983-9,Blanchard,1983,1983-07-15,application/pdf
cdm105016,105016,Executive Order 1983-10,Blanchard,1983,1983-07-25,application/pdf
cdm105017,105017,Executive Order 1983-11,Blanchard,1983,1983-09-19,application/pdf
cdm105018,105018,Executive Order 1983-12,Blanchard,1983,1983-10-01,application/pdf
cdm105019,105019,Executive Order 1983-13,Blanchard,1983,1983-10-18,application/pdf
cdm105020,105020,Executive Order 1983-14,Blanchard,1983,1983-10-25,application/pdf
cdm105021,105021,Executive Order 1983-15,Blanchard,1983,1983-11-16,application/pdf
cdm105022,105022,Executive Order 1983-16,Blanchard,1983,1983-12-19,application/pdf
cdm105023,105023,Executive Order 1983-17,Blanchard,1983,1983-12-21,application/pdf
cdm105025,105025,Executive Order 1984-1,Blanchard,1984,1984-03-02,application/pdf
cdm105026,105026,Executive Order 1984-2,Blanchard,1984,1984-03-02,application/pdf
cdm105027,105027,Executive Order 1984-3,Blanchard,1984,1984-03-21,application/pdf
cdm105028,105028,Executive Order 1984-4,Blanchard,1984,1984-04-17,application/pdf
cdm105029,105029,Executive Order 1984-5,Blanchard,1984,1984-05-07,application/pdf
cdm105030,105030,Executive Order 1984-6,Blanchard,1984,1984-05-07,application/pdf
cdm105031,105031,Executive Order 1984-7,Blanchard,1984,1984-05-17,application/pdf
cdm105032,105032,Executive Order 1984-8,Blanchard,1984,1984-05-21,application/pdf
cdm105033,105033,Executive Order 1984-9,Blanchard,1984,1984-05-24,application/pdf
cdm105034,105034,Executive Order 1984-10,Blanchard,1984,1984-08-15,application/pdf
cdm105035,105035,Executive Order 1984-11,Blanchard,1984,1984-09-02,application/pdf
cdm105036,105036,Executive Order 1984-12,Blanchard,1984,1984-11-05,application/pdf
cdm105037,105037,Executive Order 1984-13,Blanchard,1984,1984-11-13,application/pdf
cdm105038,105038,Executive Order 1984-14,Blanchard,1984,1984-11-01,application/pdf
cdm105039,105039,Executive Order 1984-15,Blanchard,1984,1984-11-21,application/pdf
cdm105041,105041,Executive Order 1985-1,Blanchard,1985,1985-03-12,application/pdf
cdm105042,105042,Executive Order 1985-2,Blanchard,1985,1985-05-22,application/pdf
cdm105043,105043,Executive Order 1985-3,Blanchard,1985,1985-08-28,application/pdf
cdm105044,105044,Executive Order 1985-4,Blanchard,1985,1985-10-09,application/pdf
cdm105045,105045,Executive Order 1985-5,Blanchard,1985,1985-10-16,application/pdf
cdm105046,105046,Executive Order 1985-6,Blanchard,1985,1985-10-22,application/pdf
cdm105047,105047,Executive Order 1985-7,Blanchard,1985,1985-12-10,application/pdf
cdm105048,105048,Executive Order 1985-8,Blanchard,1985,1985-12-10,application/pdf
cdm105049,105049,Executive Order 1985-9,Blanchard,1985,1985-12-26,application/pdf
cdm105050,105050,Executive Order 1985-10,Blanchard,1985,1985-12-27,application/pdf
cdm105052,105052,Executive Order 1986-1,Blanchard,1986,1986-01-07,application/pdf
cdm105053,105053,Executive Order 1986-2,Blanchard,1986,1986-01-07,application/pdf
cdm105054,105054,Executive Order 1986-3,Blanchard,1986,1986-02-07,application/pdf
cdm105055,105055,Executive Order 1986-4,Blanchard,1986,1986-03-12,application/pdf
cdm105056,105056,Executive Order 1986-5,Blanchard,1986,1986-04-14,application/pdf
cdm105057,105057,Executive Order 1986-6,Blanchard,1986,1986-04-14,application/pdf
cdm105058,105058,Executive Order 1986-7,Blanchard,1986,1986-06-02,application/pdf
cdm105059,105059,Executive Order 1986-8,Blanchard,1986,1986-06-04,application/pdf
cdm105060,105060,Executive Order 1986-9,Blanchard,1986,1986-06-12,application/pdf
cdm105061,105061,Executive Order 1986-10,Blanchard,1986,1986-07-30,application/pdf
cdm105062,105062,Executive Order 1986-11,Blanchard,1986,1986-08-05,application/pdf
cdm105063,105063,Executive Order 1986-12,Blanchard,1986,1986-09-10,application/pdf
cdm105064,105064,Executive Order 1986-13,Blanchard,1986,1986-09-11,application/pdf
cdm105065,105065,Executive Order 1986-14,Blanchard,1986,1986-09-18,application/pdf
cdm105066,105066,Executive Order 1986-15,Blanchard,1986,1986-09-18,application/pdf
cdm105067,105067,Executive Order 1986-16,Blanchard,1986,1986-10-10,application/pdf
cdm105068,105068,Executive Order 1986-17,Blanchard,1986,1986-10-30,application/pdf
cdm105069,105069,Executive Order 1986-18,Blanchard,1986,1986-12-29,application/pdf
cdm105071,105071,Executive Order 1987-1,Blanchard,1987,1987-01-12,application/pdf
cdm105072,105072,Executive Order 1987-2,Blanchard,1987,1987-01-29,application/pdf
cdm105073,105073,Executive Order 1987-3,Blanchard,1987,1987-02-20,application/pdf
cdm105074,105074,Executive Order 1987-4,Blanchard,1987,1987-03-20,application/pdf
cdm105075,105075,Executive Order 1987-5,Blanchard,1987,1987-04-16,application/pdf
cdm105076,105076,Executive Order 1987-6,Blanchard,1987,1987-06-05,application/pdf
cdm105077,105077,Executive Order 1987-7,Blanchard,1987,1987-06-11,application/pdf
cdm105078,105078,Executive Order 1987-8,Blanchard,1987,1987-06-18,application/pdf
cdm105079,105079,Executive Order 1987-9,Blanchard,1987,1987-07-07,application/pdf
cdm105080,105080,Executive Order 1987-10,Blanchard,1987,1987-07-14,application/pdf
cdm105081,105081,Executive Order 1987-10A,Blanchard,1987,1987-08-10,application/pdf
cdm105082,105082,Executive Order 1987-11,Blanchard,1987,1987-10-22,application/pdf
cdm105083,105083,Executive Order 1987-12,Blanchard,1987,1987-11-04,application/pdf
cdm105085,105085,Executive Order 1988-1,Blanchard,1988,1988-02-04,application/pdf
cdm105086,105086,Executive Order 1988-2,Blanchard,1988,1988-02-04,application/pdf
cdm105087,105087,Executive Order 1988-3,Blanchard,1988,1988-02-24,application/pdf
cdm105088,105088,Executive Order 1988-4,Blanchard,1988,1988-02-26,application/pdf
cdm105089,105089,Executive Order 1988-5,Blanchard,1988,1988-03-04,application/pdf
cdm105090,105090,Executive Order 1988-5A,Blanchard,1988,1988-05-18,application/pdf
cdm105091,105091,Executive Order 1988-6,Blanchard,1988,1988-05-25,application/pdf
cdm105092,105092,Executive Order 1988-7,Blanchard,1988,1988-06-22,application/pdf
cdm105093,105093,Executive Order 1988-8,Blanchard,1988,1988-08-18,application/pdf
cdm105094,105094,Executive Order 1988-9,Blanchard,1988,1988-08-18,application/pdf
cdm105095,105095,Executive Order 1988-10,Blanchard,1988,1988-09-15,application/pdf
cdm105096,105096,Executive Order 1988-11,Blanchard,1988,1988-09-28,application/pdf
cdm105097,105097,Executive Order 1988-12,Blanchard,1988,1988-10-07,application/pdf
cdm105098,105098,Executive Order 1988-13,Blanchard,1988,1988-10-10,application/pdf
cdm105099,105099,Executive Order 1988-14,Blanchard,1988,1988-12-15,application/pdf
cdm105100,105100,Executive Order 1988-15,Blanchard,1988,1988-12-29,application/pdf
cdm105102,105102,Executive Order 1989-1,Blanchard,1989,1989-01-10,application/pdf
cdm105103,105103,Executive Order 1989-2,Blanchard,1989,1989-05-01,application/pdf
cdm105104,105104,Executive Order 1989-3,Blanchard,1989,1989-05-01,application/pdf
cdm105105,105105,Executive Order 1989-4,Blanchard,1989,1989-05-15,application/pdf
cdm105106,105106,Executive Order 1989-5,Blanchard,1989,1989-06-14,application/pdf
cdm105107,105107,Executive Order 1989-6,Blanchard,1989,1989-06-29,application/pdf
cdm105108,105108,Executive Order 1989-7,Blanchard,1989,1989-07-12,application/pdf
cdm105109,105109,Executive Order 1989-8,Blanchard,1989,1989-08-04,application/pdf
cdm105110,105110,Executive Order 1989-9,Blanchard,1989,1989-09-12,application/pdf
cdm105111,105111,Executive Order 1989-10,Blanchard,1989,1989-10-30,application/pdf
cdm105112,105112,Executive Order 1989-11,Blanchard,1989,1989-10-30,application/pdf
cdm105113,105113,Executive Order 1989-12,Blanchard,1989,1989-11-28,application/pdf
cdm105115,105115,Executive Order 1990-1,Blanchard,1990,1990-01-26,application/pdf
cdm105116,105116,Executive Order 1990-2,Blanchard,1990,1990-02-02,application/pdf
cdm105117,105117,Executive Order 1990-3,Blanchard,1990,1990-02-02,application/pdf
cdm105118,105118,Executive Order 1990-4,Blanchard,1990,1990-02-06,application/pdf
cdm105119,105119,Executive Order 1990-5,Blanchard,1990,1990-04-09,application/pdf
cmd105120,105120,Executive Order 1990-6,Blanchard,1990,1990-04-11,application/pdf
cdm105121,105121,Executive Order 1990-7,Blanchard,1990,1990-04-11,application/pdf
cdm105122,105122,Executive Order 1990-8,Blanchard,1990,1990-05-09,application/pdf
cdm105123,105123,Executive Order 1990-9,Blanchard,1990,1990-05-15,application/pdf
cdm105124,105124,Executive Order 1990-10,Blanchard,1990,1990-05-30,application/pdf
cdm105125,105125,Executive Order 1990-11,Blanchard,1990,1990-06-21,application/pdf
cdm105126,105126,Executive Order 1990-12,Blanchard,1990,1990-07-28,application/pdf
cdm105127,105127,Executive Order 1990-13,Blanchard,1990,1990-08-16,application/pdf
cdm105128,105128,Executive Order 1990-14,Blanchard,1990,1990-09-21,application/pdf
cdm105129,105129,Executive Order 1990-15,Blanchard,1990,1990-10-01,application/pdf
